f,Channel 1 Magnitude (dB),mag,pha
1000.0000000000011,0.0015533938874803769,-46.710005847028867,-2.9572533425352532
1006.9386314760281,0.0012827442113331903,-46.697321014775866,-2.3508998896527924
1013.9254075588154,0.0021295572712274392,-46.5245371101188,-2.3813710655272704
1020.9606623060474,0.0020233490422004808,-46.529257088510874,-3.0430192908996219
1028.0447320933108,0.001806762496163562,-46.593643676860985,-3.2932896236506366
1035.1779556301774,0.0014647743142385597,-46.544607391766789,-3.0448789639231677
1042.3606739764023,0.0014140194141663693,-46.626623418315873,-2.7161084317764335
1049.5932305582276,0.0014568432203851105,-46.62067431810263,-3.1091595960252718
1056.8759711848049,0.0014454801684475529,-46.665146012500422,-3.3989675550246119
1064.2092440647257,0.0017547812572095303,-46.612138153549651,-2.5150920135347974
1071.5933998226722,0.0019420125516009148,-46.722118187757403,-4.1258360037442685
1079.0287915161848,0.0024232150111782361,-46.539374354078021,-3.7437011932941857
1086.5157746525385,0.0017403565537112043,-46.672372297613052,-3.1737425482743618
1094.0547072057436,0.0018866907669630474,-46.694360702185577,-3.7639698838924858
1101.6459496336579,0.0017230656505533176,-46.717284464606365,-3.4179482628320841
1109.2898648952239,0.0022694758578804563,-46.685207911713775,-3.624842782466331
1116.9868184678239,0.0018556551006778522,-46.676374079523697,-3.0823683661490024
1124.737178364752,0.0020652770808547343,-46.758087734633222,-3.7121122128331701
1132.5413151528126,0.0016454522355705307,-46.648590833183086,-3.3859055951219119
1140.3996019700342,0.0018237949721763322,-46.616799159344417,-3.2049257691945598
1148.3124145435122,0.0015765490726517653,-46.826095773645299,-3.3149900325223598
1156.2801312073766,0.001516211864297592,-46.71628754209307,-4.5102403191710358
1164.3031329208768,0.0022503492858197858,-46.667092123583053,-4.1433626365065095
1172.3818032865997,0.0011634561161116247,-46.763300984174208,-3.5843523152605172
1180.5165285688067,0.0010302603324939142,-46.91305960360733,-3.8052901378233912
1188.7076977119045,0.00097522865788563829,-46.712006705584173,-3.8845784468680051
1196.9557023590439,0.0014859096565124537,-46.867749731041791,-3.2622609754525342
1205.2609368708424,0.0010170338863770942,-46.775868566454442,-3.7547116343744733
1213.6237983442418,0.0012617589458192729,-46.727226662114553,-3.6759678692365867
1222.0446866314901,0.00074211416299263164,-46.934488328523059,-4.1990395870416535
1230.524004359263,0.0014135714481663809,-46.55729994437948,-3.9084350680347617
1239.0621569479169,0.00058250509201308279,-46.876928584447569,-4.1048138723485721
1247.6595526308697,0.00085043762659214005,-46.772410811359542,-3.2382994876858788
1256.3166024741215,0.0012881285701457203,-46.635085469821647,-3.9833521492784598
1265.033720395905,0.0015818075391909282,-46.884919662232733,-3.6554813613882304
1273.81132318648,0.0011074648005180683,-46.826598690637901,-3.8935914957282165
1282.6498305280611,0.0013422338404418493,-46.598689687032888,-4.0710861047323554
1291.5496650148839,0.0012229215818247998,-46.80514810284361,-3.9819456649307199
1300.5112521734097,0.00071580532620263621,-46.921223634881891,-4.1003499311544545
1309.5350204826691,0.0011971852829326867,-46.830670420151279,-3.90061024429437
1318.6214013947497,0.00087359922187132694,-46.754971140778174,-2.2550366153598773
1327.7708293554306,0.0010141826089224907,-46.875189683662633,-4.17450759848915
1336.9837418249479,0.00081500934528940124,-46.901174266729328,-2.9178532073238728
1346.2605792989111,0.0018537683958089785,-46.943055304852834,-4.6352137452781985
1355.6017853293702,0.0016386254045450198,-46.835671213567849,-4.0188182400179286
1365.0078065460152,0.0017742355129325561,-46.853569893094672,-4.3802206133273387
1374.4790926775381,0.0017977246229577181,-46.83506049546034,-4.3858194876008127
1384.0160965731329,0.0014413057125262183,-46.967314661832795,-3.3486112895682822
1393.6192742241435,0.001242193823912495,-46.829297716970537,-3.9753120766884251
1403.2890847858746,0.0015842489612464699,-46.878579847195461,-4.1051629175705244
1413.0259905995351,0.0010816888888159103,-46.914899014195647,-4.2596927829520332
1422.8304572143534,0.001257137943553728,-47.03712086580704,-3.8324677672958738
1432.7029534098324,0.00078587179008747846,-46.782613858232203,-3.9371770228232315
1442.6439512181589,0.00064992287256016371,-47.098867342236765,-4.9912247639976215
1452.6539259467827,0.00063423959582232159,-46.967810817670085,-5.092108589818821
1462.7333562011315,0.00035762867189627942,-47.013951124361213,-4.552982708607118
1472.8827239075033,0.00038297193877395323,-46.832936170837741,-4.6585177771350317
1483.1025143361057,0.00072196715176357448,-47.006123383076854,-5.151451018310695
1493.3932161242535,0.00088433880646940593,-47.032838763672416,-3.9053249679117172
1503.75532129974,0.00058306978383850341,-47.026641963358912,-6.197798179182513
1514.1893253043536,0.0014185585516977035,-47.044805645089127,-4.64240584460366
1524.6957270175747,0.00092992790251094325,-46.988945358927701,-4.161966276425197
1535.2750287804242,0.001548665644379854,-46.882077244587286,-5.6450566556426196
1545.9277364194784,0.00061804317665810305,-47.110832435205879,-5.0867753964959093
1556.6543592710636,0.00050060673534692605,-46.935960756253692,-4.38583599335945
1567.4554102055965,0.0006295494770015398,-47.090819918412059,-4.3281958845593138
1578.3314056521181,0.00053430793735997223,-47.141400031635889,-5.8411847594865591
1589.2828656229797,0.00038017559679775717,-46.987518708556536,-5.7891119655026131
1600.3103137387016,0.0011605566680917424,-46.854826725585937,-5.9678749745959987
1611.4142772530215,0.0012476310427388894,-46.972750300088933,-4.3826907109134368
1622.5952870780889,0.00088028115643581874,-47.13707863098233,-5.6732475182105588
1633.8538778098621,0.0014661827032347433,-46.990226060122481,-5.2871607120293982
1645.190587753664,0.00018427306966099999,-47.105645264874695,-4.8889894424149887
1656.6059589499152,0.0017766868980234705,-46.975908493389404,-5.2766616951948819
1668.1005372000607,0.00088332926925509551,-47.222295323656603,-4.6118128206566382
1679.6748720926551,0.00018188813504587293,-47.144235883286157,-6.1103324634895699
1691.3295170296506,0.0007215056973827826,-47.194731110858783,-4.5411541730474312
1703.0650292528462,0.00022385011448123937,-47.168020886442221,-5.8734400055641558
1714.8819698705411,0.0011221294257547456,-47.082933926664545,-5.4827768060017945
1726.7809038843577,0.00091761154562817625,-47.239649991249138,-5.1262778465434167
1738.7624002162522,0.00030326766092532599,-47.243860079021978,-6.4576577292108652
1750.8270317357269,-0.0001628633874381108,-47.172465339596485,-7.0096783669154519
1762.9753752872075,0.00083930185321432534,-47.134724355576729,-5.7032906133001973
1775.2080117176361,0.00068334689139242129,-47.191386638220088,-5.1464954070583815
1787.5255259042374,0.00059761508926778556,-47.230837029257422,-5.5127041356907824
1799.9285067824783,0.00048153425627816583,-47.405670268777229,-6.7487748614348675
1812.4175473742393,0.00051385544304845168,-47.071791984801159,-4.8626755693416612
1824.9932448161542,0.0003654011810463795,-47.298608500343271,-5.8441774636413868
1837.6562003881725,0.00015481819832685291,-47.182079957696253,-6.7720005068725584
1850.4070195423042,-0.00040733381623324355,-47.154292318026158,-5.9608067857764411
1863.2463119315619,1.9522666913690417e-05,-47.196315536207422,-4.7914475078800152
1876.1746914391233,0.0011170782527226775,-47.528251615497055,-5.2854242340860509
1889.1927762076682,8.6128439048227962e-05,-47.330273976775068,-6.3777538161930352
1902.3011886689458,0.00042116107381856549,-47.466867092592729,-4.7949966957276997
1915.5005555735297,-0.00023260883072889464,-47.659978790017803,-5.6991473041432013
1928.7915080207797,0.00074196306245695898,-47.404482647526649,-5.2722108387843321
1942.1746814890284,0.00046417341959594861,-47.363201273677419,-5.6713278498339443
1955.6507158659508,-0.00039504169959345283,-47.29232810937971,-5.0559394844269434
1969.2202554791736,-0.00054808229530067332,-47.561207216755378,-6.0652570951425986
1982.8839491270733,-0.00021358452973685831,-47.473398265250786,-6.7913320907398287
1996.6424501097952,-0.00055775119156351244,-47.371132093567297,-6.1107176240321053
2010.4964162605011,-0.0010087059906321019,-47.444727885292309,-5.5695627582985896
2024.4465099768061,-3.0623017558135943e-05,-47.409624795520287,-5.5867026645454736
2038.4933982524642,-0.00048871279532909748,-47.406744417050113,-6.6041193427987537
2052.6377527092541,0.0002664747962818974,-47.638980082854374,-7.3657868614752147
2066.8802496290841,-0.00097425387608116596,-47.642559119859769,-6.0279752472670083
2081.2215699863414,-0.00085775372203282421,-47.528940466994165,-6.3100787476308255
2095.6623994804349,-0.00022980831422884321,-47.578224254245534,-6.7460927407150564
2110.2034285685968,0.000359881192120406,-47.605234266269193,-7.4853229096544851
2124.8453524988849,-0.00087193833675132339,-47.607075290672611,-6.4534757571770456
2139.5888713434238,-0.00033879731778001135,-47.594531398967675,-5.6818441519549054
2154.4346900318869,-0.00080761380748660015,-47.79174960372675,-6.1494898777151619
2169.3835183851866,0.00027235628081131693,-47.679673047067226,-5.2360064758652669
2184.4360711494282,0.00035052215602049338,-47.853517344422308,-6.6238314283842499
2199.5930680300771,-0.00042925759522246995,-47.749596556463665,-7.6745675516788907
2214.8552337263613,-0.00051635782564130636,-47.855768630359577,-6.7266781714983566
2230.2232979659411,-0.00011868307307060022,-47.727943262377018,-7.9404235866787758
2245.697995539776,-0.0012527631297451465,-47.642625952426471,-7.0843951897294275
2261.2800663372795,0.00011913234626320586,-47.803409057246469,-6.582104408859518
2276.9702553816824,-0.00068654185107337945,-47.817668029184432,-6.2060041881061423
2292.769312865651,-0.00012566392875739866,-47.961594596231159,-8.0101399491304477
2308.6779941871723,0.00014796620988085635,-48.053092892233735,-6.5800045860615075
2324.6970599856504,-0.0003600401563549701,-47.938541989165188,-8.0117760484282812
2340.8272761782946,-0.00028604469195888261,-48.362620107158122,-8.1713015115660497
2357.0694139967304,-0.00059042571987704036,-48.12631361265305,-8.1143894799480449
2373.4242500238688,-0.00018997335453426603,-47.784038418044183,-6.6780434184681496
2389.8925662310526,-0.00082969340113369749,-48.236107501272585,-7.8609460279014058
2406.4751500154266,-5.154610801682969e-05,-47.762771043582489,-7.9046686869191589
2423.1727942376006,-0.0010342045704404201,-47.945664172965998,-7.5280402309248728
2439.9862972595529,-0.00018224818000528301,-48.127031327664326,-7.5372958134663293
2456.9164629827928,-0.00081918622151521282,-47.932683877433895,-7.4594736057857602
2473.9641008868166,-0.0014042744549517354,-48.316283199375185,-7.5885774886924793
2491.1300260677908,-0.0016336487816444292,-48.284978901700441,-7.5975920135633714
2508.4150592775413,-0.0015412197796315233,-48.431268732247723,-7.331292148808501
2525.8200269627873,-0.00081645407583973378,-48.070699662638717,-7.5631273648224209
2543.3457613046508,-0.0016223866397947844,-48.287087209659944,-7.0479653897110524
2560.9931002584617,-0.00098033627907936362,-48.236389566789555,-6.3993665659207579
2578.7628875938035,-0.0016647889590751003,-48.209726100235144,-8.1451200162144772
2596.6559729348724,0.00024166064819395621,-48.252211492907684,-7.405421970064566
2614.6732118010946,-0.00059888295995554487,-48.532044410052329,-8.9480427563428186
2632.8154656480224,-0.0013204908205429935,-48.651554695268729,-8.7769718635517382
2651.0836019085414,-0.00053405148741531494,-48.497493943773748,-8.5988683176717871
2669.4784940343238,-0.00079556199484966529,-48.381794754760762,-8.5408654296474538
2688.0010215376074,-0.0018065558227594203,-48.658666628421948,-9.5966734703034291
2706.6520700332439,-0.0010217085877703789,-48.461350383446359,-8.4530802845355915
2725.4325312810306,-0.0011707578041907907,-48.37748217558719,-5.9733832863103515
2744.3433032283679,-0.0013653024513826909,-48.402559635148208,-8.4021221033364384
2763.3852900531724,-0.00086802962123843448,-48.805585333492772,-9.1378415161578346
2782.5594022071255,-6.7845625757651315e-05,-48.720974687866573,-9.1379279683536723
2801.8665564591984,-0.00080367861247667999,-48.956612464926472,-8.0696545108861137
2821.3076759394735,-0.0017872069070141183,-48.666873738906887,-8.3030817924274061
2840.883690183307,-0.0014848626165250565,-48.94404642692745,-8.9091449169613384
2860.5955351757448,-0.00052325567139915852,-48.758263494926481,-7.1913493320219999
2880.4441533962981,-0.0025724887964954667,-49.004527210119093,-8.1897630163406916
2900.4304938639948,-0.0022724849800873533,-48.614475905629831,-10.160749392898026
2920.5555121827479,-0.0023313706883369223,-48.918987982977114,-8.6214190669895281
2940.820170587067,-0.0018234936654317768,-48.937201456500823,-9.6852200811222673
2961.2254379880374,-0.0018191794533510539,-49.087837523591261,-6.9955827600998646
2981.7722900196732,-0.0011924625196170762,-48.996593829832705,-7.9899705310388498
3002.4617090855527,-0.0015517333174173943,-49.018228321079306,-9.096675861857733
3023.2946844057797,-0.0018984776474495391,-49.252253801120375,-7.8741119217707762
3044.2722120643061,-0.001119965610177587,-48.940003451123921,-10.041701080761356
3065.3952950565299,-0.0031240932180044592,-49.374992111026103,-8.1860642900322347
3086.6649433372745,-0.001562314025406386,-49.051255634991378,-8.2500021711950922
3108.082173869067,-0.0025139809476517,-49.304611150110311,-10.593922818391064
3129.648010670754,-0.0019476120082942338,-49.513258366105731,-10.253303389261916
3151.3634848664824,-0.0025526185543378755,-49.162376947098849,-12.000169112767708
3173.2296347349793,-0.0020087941915197909,-49.242798931334008,-9.1872933700377644
3195.2475057592137,-0.0013069741645354805,-49.642782256873907,-9.4048200578283812
3217.4181506763748,-0.0024489170759616052,-49.547368469793973,-9.5090106585769334
3239.7426295281984,-0.002290142134531025,-49.545524269413292,-9.3087802472118852
3262.2220097116733,-0.0026570562078821664,-49.361252128374787,-9.7026098042475564
3284.8573660300472,-0.0022345578625888496,-49.96270460330603,-10.884294211393266
3307.6497807442424,-0.0019333473679123184,-50.039342939933739,-11.71138325053704
3330.6003436245919,-0.0026165724398751746,-49.638221800776108,-8.1819978532548987
3353.7101520029323,-0.0021498336730172364,-49.806235824317554,-9.5334580730071821
3376.9803108250949,-0.0019589944592845105,-49.949634219598579,-11.801344138333462
3400.4119327037097,-0.0028683627102675507,-50.119794086441388,-9.8044133288557447
3424.0061379714257,-0.002343053366460927,-50.351504410260532,-11.458679767166842
3447.7640547344677,-0.0029311086136862815,-50.175782511057974,-10.720465108945206
3471.6868189265633,-0.0015331969695588743,-50.077161148450386,-9.6545847900396904
3495.7755743632788,-0.0035760807773558331,-50.100077964910056,-11.506157964710695
3520.0314727966825,-0.002709539860955389,-50.66897763490941,-11.72700511034656
3544.4556739704358,-0.0024874146692017221,-50.323219741097688,-12.3884872439628
3569.0493456752333,-0.0027168277163549686,-50.509831931410133,-9.8155372463500115
3593.8136638046294,-0.0029744079007966401,-50.771108229256072,-10.476785950859416
3618.749812411284,-0.0031080996967993548,-50.874925514706618,-10.080824291519153
3643.8589837635482,-0.0030269145164539784,-50.960588831168593,-8.8047534625099146
3669.1423784024942,-0.0031967490597576216,-50.713383029507206,-13.639269602809748
3694.6012051993066,-0.0031256404683617503,-50.867678224218189,-14.350031288276455
3720.2366814130696,-0.0028719980547942032,-51.006753174859902,-11.483200681070571
3746.0500327489972,-0.0031132581478075698,-51.234170998563613,-11.123776457354301
3772.0424934170014,-0.0038344335239297186,-50.840214725512055,-12.231082337766367
3798.2153061907361,-0.0032596987110923804,-51.515120848279487,-11.318086293446868
3824.5697224670034,-0.003525426006277818,-51.207803947822974,-12.137391337916341
3851.1070023255729,-0.0027839084458044297,-51.745199083667693,-16.280509199846456
3877.8284145894613,-0.0027688764888312246,-51.243204924628643,-13.044439853949982
3904.7352368855641,-0.0042312028107180377,-51.609784249161578,-12.061871508648849
3931.8287557057706,-0.002691097035972916,-51.953016163326282,-11.594857908911337
3959.1102664684627,-0.0031596445528932486,-51.68812746914292,-11.245675842158903
3986.5810735804466,-0.0030790933129447827,-51.530378455542589,-13.122744447844433
4014.2424904993263,-0.0033543298223805956,-52.264303387424491,-11.301960516163263
4042.0958397963095,-0.0031470401963765633,-51.962472346313248,-13.622780282958672
4070.1424532194392,-0.0037546273513664173,-52.243788535958572,-11.179868191377494
4098.3836717572658,-0.0038223998707807567,-52.503843922225045,-10.990298192989727
4126.8208457029605,-0.0037240894765433728,-52.0330981342874,-12.844653161390866
4155.4553347188794,-0.0050462451265339183,-52.902856321561885,-13.921574419615439
4184.288507901585,-0.0028915912203250592,-52.550911791361216,-13.146483857200515
4213.3217438472893,-0.0028894950229198559,-52.811076234660241,-10.406429101119429
4242.556430717782,-0.0049807392559891514,-52.39041200671948,-12.477622354565
4271.9939663067853,-0.0041078878707836919,-52.837503264483338,-16.829527582310078
4301.6357581067996,-0.0038724221066611338,-52.850125661793925,-13.105834122539264
4331.4832233764027,-0.0046412704588104014,-53.217323667343592,-10.426780144916584
4361.537789208006,-0.004327889886818456,-53.536850238151203,-10.588319826703795
4391.8008925960903,-0.002809871518433058,-53.478720745576823,-12.708093107078199
4422.2739805059055,-0.0055302504105280998,-53.535892368799047,-11.965045948857153
4452.9585099426604,-0.0039538528124567927,-53.815573818895814,-9.1967210397939283
4483.8559480211916,-0.0041618543018063676,-53.808143191651602,-10.876974456278148
4514.9677720361015,-0.0035002440593910941,-54.150300202849515,-6.556652595736594
4546.2954695324042,-0.0042066504255815988,-53.901764007353975,-15.226399170589103
4577.8405383766258,-0.0035452495947907105,-54.345089384078058,-14.897703564850705
4609.6044868284389,-0.0031125775999314171,-54.015576605453447,-8.9769583777184945
4641.5888336127828,-0.0064185557429801378,-54.606006985830994,-14.14096877607102
4673.7951079924633,-0.004468354709125536,-54.620703698423313,-12.156180384751941
4706.2248498412864,-0.0041175492774211423,-55.554131672963948,-16.652551648199491
4738.879609717661,-0.0043773270653789682,-55.466603413224178,-15.680152676107923
4771.7609489387505,-0.0044894350519769626,-55.917871154656154,-13.321383766963365
4804.8704396551339,-0.0040538632374519093,-54.994985395345438,-14.646210832608961
4838.2096649259574,-0.0043185279922379263,-56.052104037565378,-15.457080938230748
4871.7802187946363,-0.0060805156365324048,-56.177388527532628,-12.319937843384885
4905.5837063650561,-0.004749676896121542,-55.715941139575207,-12.279141799927142
4939.621743878326,-0.0052083876408424313,-55.57977627408961,-15.067329577581017
4973.8959587900681,-0.0051790534561252655,-56.16831897175129,-16.455972085234961
5008.4079898482123,-0.0054278526364387007,-56.378300137007557,-10.155229573928921
5043.1594871713642,-0.0052966796620594857,-57.539636318013947,-8.0983446464008608
5078.1521123276807,-0.0054110585364699829,-56.313392815143274,-15.143944618303365
5113.3875384143312,-0.0063540625782192786,-58.203051144308844,-5.8810636919917059
5148.8674501374971,-0.0045227451993014043,-57.805114518051326,-17.100708806159105
5184.5935438929127,-0.0049171300496781544,-58.583281930905578,-17.478949801732142
5220.5675278469798,-0.0044984165695175762,-57.849517140030457,-17.222158163547249
5256.7911220184305,-0.0078099139812199646,-57.711837941605822,-16.764951016630832
5293.2660583605666,-0.0049804448782451213,-59.07272913215796,-18.323276053385086
5329.9940808440933,-0.0043285313945075118,-60.180323132210951,3.4257413893706357
5366.9769455404767,-0.005059429507497438,-59.885112454135985,-17.237853394391678
5404.2164207059204,-0.0084728473428293989,-60.106237081313274,-13.487837442074948
5441.7142868658984,-0.0051974396714181883,-60.456489890168889,-15.289952682153796
5479.4723369002922,-0.0044994528922503284,-61.895623330840266,-7.4744597580378525
5517.4923761291284,-0.0055221483673013466,-61.641995177359775,-23.020933291025074
5555.7762223988784,-0.0085956035088499104,-61.362265119893287,-17.675925396788145
5594.325706169383,-0.0053940824107065431,-62.102655840870341,-13.705761700696442
5633.1426706013572,-0.0052053443968673088,-63.28323911898395,-18.319775116708861
5672.2289716445493,-0.0053307473797584402,-63.626496599591221,-18.135041045487952
5711.5864781264345,-0.0090580875971102391,-65.945653326258693,-5.6543094582774103
5751.2170718416137,-0.0052604766811559008,-63.985425123361836,-17.470797829732163
5791.1226476417642,-0.0050653513142082203,-66.358396278859402,-10.943747690349511
5831.3051135262249,-0.0051255157261063024,-68.188749998816121,-10.15461600990767
5871.7663907332617,-0.007527961499801783,-67.926654656394646,-4.3894602511265788
5912.5084138318816,-0.016797356098110363,-71.503179920057718,-34.555405342284523
5953.5331308143705,-0.0040177506201938898,-72.163762514688997,7.1955546457145232
5994.8425031894149,-0.0046767294007878978,-68.377296057824822,6.729164442377936
6036.4385060758705,-0.0069142338339526653,-70.138960738347976,30.621295993784877
6078.3231282972365,-0.014006933136296171,-76.412152908038422,18.797349106771463
6120.4983724767026,-0.0050242051349838916,-76.784223144781706,44.28577277742324
6162.966255132942,-0.0056673322526476621,-72.359538851331649,123.76753145154001
6205.7288067765066,-0.0052740418049940958,-77.683098743170007,35.673343848217847
6248.7880720068943,-0.0097213808033675565,-71.616938904238637,54.935080843304085
6292.1461096103503,-0.020997953030119369,-72.356188711628562,88.127322410662941
6335.8049926582607,-0.0050451977926559474,-81.967785270203137,-42.489835074194445
6379.7668086062822,-0.0055885351713692256,-67.010971633474568,129.0576723705222
6424.0336593941975,-0.005208270787728812,-68.330671445237897,168.07785405684314
6468.607661546328,-0.012356937431903905,-64.860110347561516,151.22276902164074
6513.4909462728092,-0.0056323120381314949,-64.246163938876094,150.13250176625658
6558.6856595714426,-0.0053864611657946327,-67.086552872689495,124.39062678132481
6604.1939623303051,-0.004725823410520965,-65.687475629113706,144.16093357148355
6650.0180304311252,-0.0076101606988798363,-68.007254737415138,124.75466864188883
6696.1600548532224,-0.015016952501301603,-63.520784521129762,144.79700091694173
6742.6222417783492,-0.0067714225629289882,-63.14401545776694,143.43587939296032
6789.4068126961192,-0.0055478781956537502,-61.704620216806212,146.281349923107
6836.5160045102384,-0.0052055381334433987,-64.699315473259432,158.51514270023461
6883.9520696455038,-0.0075675783917419697,-60.449268025932341,154.06918906495926
6931.7172761554075,-0.016505653255900411,-62.003368044836179,141.76744768282975
6979.8139078306667,-0.0059757724135858477,-59.637797630068718,143.63848364611761
7028.2442643083605,-0.0062550624480685775,-57.483477868137015,160.36940838650776
7077.0106611818892,-0.0053092170335182565,-60.271524505384598,143.75312698052477
7126.1154301117522,-0.0073826689427141769,-58.183060718002181,158.53866688214117
7175.5609189369288,-0.015433728094133896,-58.607168504219167,147.73015405349111
7225.3494917872213,-0.013168500188878256,-57.800528514032827,145.19350850498321
7275.4835291962399,-0.0059047253707933088,-58.111336530158198,149.86221483244881
7325.9654282152296,-0.0054594564100151561,-55.742422914375005,150.64785007071745
7376.7976025277376,-0.0065088474189561665,-56.493157629943369,155.40236706562769
7427.9824825649184,-0.013685367427947532,-55.013234350793205,149.02181223442258
7479.5225156218285,-0.016218891690724178,-55.750602978284519,146.33193069432394
7531.4201659743831,-0.0059636687304081785,-56.121904788023194,147.30965448997725
7583.6779149971908,-0.0047688366410056108,-54.07898385401532,149.53563866469659
7636.2982612822498,-0.0060425824021500705,-55.299663891873976,148.07716139590534
7689.2837207583134,-0.009352486775497118,-53.645837634087428,150.07332391143561
7742.6368268112774,-0.020595551976668569,-54.416380877454522,145.1715747753326
7796.3601304052454,-0.010203006083860865,-53.476138983566166,149.40796065099067
7850.4562002045095,-0.0057605584901414706,-54.448613252632256,143.45651033533755
7904.9276226964284,-0.0048975870984156837,-53.378481021079111,150.08013688449935
7959.777002314986,-0.0057912666895007523,-52.60541569922664,147.13873966841328
8015.0069615654138,-0.012244086743454065,-53.44529038909247,143.28377718253049
8070.6201411495167,-0.017448220827327179,-52.240339987227394,147.93282771078049
8126.6192000919464,-0.0078731426396869159,-52.722447125783148,150.59861204125639
8183.0068158673976,-0.0057240370578813095,-51.972104445140658,141.63667809372768
8239.7856845285205,-0.0054086681992474885,-52.65359273640086,150.09371622093803
8296.9585208349145,-0.0061579507302563577,-51.85798176907209,145.54928298616568
8354.5280583828808,-0.012719215182870679,-51.934824745060567,150.21126873053504
8412.4970497361173,-0.016986746153466441,-51.663103249943376,142.34479975076061
8470.8682665574106,-0.0075652895892591651,-51.273530931416644,138.53599327128842
8529.6444997410254,-0.0059684807231791164,-50.901574953871531,142.78590674041195
8588.8285595462585,-0.0044004798966097184,-50.622329704038407,140.51753318488545
8648.423275731735,-0.0060691390807670036,-50.123682452931746,142.33775002039533
8708.4314976907244,-0.011387612054881651,-51.049305119100282,146.47009847162204
8768.856094587436,-0.018704144400238674,-50.277091703015031,144.19649227260049
8829.6999554940921,-0.0084678671406713153,-51.206452954956191,146.72069092213911
8890.9659895291679,-0.0054038253007013424,-50.609970989668184,140.86827861163852
8952.6571259964112,-0.0061741266587649127,-50.151631159772691,139.87035693845286
9014.7763145249173,-0.0059694414326689604,-49.553765948659475,140.84652329411747
9077.3265252102337,-0.0079785707413609196,-50.204799040232217,136.3931161474116
9140.310748756232,-0.018300661453435126,-50.34187480821533,141.06303148526825
9203.7319966182295,-0.01148105312761827,-49.986374797344354,140.12679546104394
9267.5933011468933,-0.0056858352894462831,-49.700538645006311,140.07736064880024
9331.8977157332392,-0.0051455742670175608,-49.851013274951718,142.421010734757
9396.6483149547003,-0.004506875664095438,-49.951252971063312,141.67143971090252
9461.8481947220025,-0.005876258991152657,-49.454086972708353,143.1028273968171
9527.5004724273003,-0.0095298303894707347,-49.024049567818615,135.57723957930813
9593.6082870931568,-0.020350467946946702,-48.174247464415146,135.08507962147922
9660.1747995226469,-0.010109679535251461,-49.553068655051639,131.30611277434966
9727.2031924505463,-0.0052925691034086293,-49.219449823101044,132.06371236960635
9794.6966706953954,-0.0061574576025791054,-48.626890790944557,131.61885520536916
9862.6584613128307,-0.0051735203057969728,-49.414441059933239,134.95912823792372
9931.0918137498102,-0.0058762957565194887,-49.641759485402062,138.14049880938828
10000,-0.0095134977047335399,-49.531029012476239,135.71586670048725
10069.386314760282,-0.020781730052692585,-49.292584520414877,134.45660744074237
10139.25407558816,-0.0084558359194730742,-48.991951322439242,134.46037816662454
10209.60662306047,-0.0053158509599756758,-49.606881236134875,132.4230465307013
10280.447320933103,-0.0056635973535043033,-47.838520675468352,124.0426595758193
10351.779556301763,-0.0050746849303127681,-49.169806730903751,126.4452929525864
10423.606739764024,-0.0045761413085553737,-49.593567957263801,127.74926387394484
10495.932305582282,-0.0060523434997107649,-48.302144759085486,124.84823579286279
10568.759711848044,-0.014119379522888154,-49.1745159996551,126.14178560271097
10642.092440647251,-0.012514043669958778,-49.38221943001988,126.74273428855281
10715.933998226712,-0.0060927972146691866,-49.340081563953468,116.74086361255787
10790.287915161847,-0.0046104558868363755,-49.764086182711139,117.57866574908047
10865.157746525389,-0.005558671050155361,-49.918327759539395,113.24613181211751
10940.54707205743,-0.0050208347229963174,-50.153506547909188,126.07878689180846
11016.459496336576,-0.0040719000246557859,-49.194042919088155,116.12420996167234
11092.898648952227,-0.0074190133876337501,-49.701804959943999,112.30336378819621
11169.868184678238,-0.016279204755679795,-50.226226762429775,116.47430060060171
11247.371783647524,-0.011506370589056104,-49.574608898996722,105.69858653943525
11325.413151528121,-0.0051302982835171543,-49.86965531625988,100.61075604665044
11403.996019700337,-0.0041730047240241428,-49.396269304011675,106.30325922134048
11483.124145435111,-0.0042875275862877356,-49.865050415973087,104.88623243972101
11562.801312073765,-0.0041135699012838922,-49.677445541447284,96.739003026635714
11643.031329208774,-0.0037017963680819254,-50.902153831150699,87.745805174317923
11723.818032865991,-0.0058132061352958522,-49.955371941349981,96.103703522158625
11805.165285688061,-0.012429132698739947,-50.753357796617131,99.329952273894364
11887.076977119033,-0.013929163135294419,-50.778386968200657,86.886994325424979
11969.557023590442,-0.0053346731048368934,-50.719710440618599,82.369837487474783
12052.609368708432,-0.0037425292567695098,-51.041681397202012,74.944487526864307
12136.237983442412,-0.0030048612505500895,-50.409329863660972,78.879399731750084
12220.446866314893,-0.0047609123515569268,-51.255570226676532,73.868730114543382
12305.240043592628,-0.0035871859159312741,-49.728966799981073,62.358866737309626
12390.62156947917,-0.003817308212994731,-51.274832230302877,57.091292974394364
12476.595526308703,-0.0059736893057971323,-49.455286789463067,51.530475636495922
12563.166024741207,-0.015625717072718967,-48.968004071062403,45.019958277550579
12650.337203959045,-0.0098013336543577908,-49.998009341298975,41.564097238786715
12738.113231864798,-0.0042689779455595926,-47.399116830408133,33.043505551870275
12826.498305280613,-0.0035418312375308002,-48.511525784820464,28.65455474085978
12915.496650148847,-0.0041780010998846377,-47.358053700209844,22.33844067611038
13005.112521734092,-0.0048969166108474606,-47.379590775477666,21.945017133608275
13095.350204826684,-0.0036551892308965073,-46.60142939109484,14.037649510976479
13186.2140139475,-0.0030698227561682129,-45.99447751824318,13.101779892260964
13277.708293554306,-0.0044240295752149151,-45.268212084046979,11.070958067326728
13369.837418249472,-0.0099766345080029017,-45.082534277376311,12.073135498097201
13462.605792989103,-0.013162581400479956,-43.703063628413823,9.5847551579112462
13556.017853293697,-0.0056416913269236087,-43.010300005023026,2.3524016019076441
13650.078065460153,-0.0023795199817979785,-42.75104895754302,3.8566732711420677
13744.79092677538,-0.0031923367650689123,-41.576190308343463,-5.4057804578318667
13840.160965731324,-0.0032977749499198176,-41.075273016646747,-5.0541374368819305
13936.192742241428,-0.0024618931519617819,-40.748437328248471,-6.8678801910062042
14032.890847858738,-0.0036504815493953358,-40.451335558010079,-9.8224778238301127
14130.25990599535,-0.0027508444161664157,-39.554401839612524,-12.111026656195939
14228.304572143534,-0.0036709589815661094,-38.629290998217442,-12.351248261201363
14327.029534098316,-0.0098554338847516715,-38.423571736363023,-15.584545917474763
14426.439512181581,-0.012665857583003367,-37.674616757520852,-16.944552073896574
14526.53925946782,-0.0038835745523553128,-36.948655418360438,-14.754520565622727
14627.333562011314,-0.0023172826331766968,-37.093232123881712,-14.026744042895416
14728.827239075032,-0.002618591190833003,-36.056863760439043,-15.67901297114183
14831.025143361052,-0.0038179130785605288,-35.706813823222319,-19.019085353141843
14933.932161242525,-0.0015187369290983255,-34.637621175838504,-20.170135983091818
15037.553212997393,-0.0026794762050959806,-34.801123763621192,-22.792306118406358
15141.893253043536,-0.0028146185234734699,-33.823035915852493,-22.320475293554978
15246.957270175744,-0.0021499453051339319,-33.264147445237754,-25.408135577792287
15352.750287804241,-0.0042631287957112692,-32.778494945383855,-24.797714595945372
15459.277364194777,-0.013028441617837484,-32.10731168570635,-27.539238049592427
15566.543592710628,-0.009450017868205365,-31.699832867217669,-27.810973202996223
15674.554102055965,-0.0027688254407843916,-31.410408945923471,-28.281680613789401
15783.31405652118,-0.0025098713457398598,-30.624299474991254,-29.820186457121675
15892.828656229798,-0.0012688088310165212,-30.105721860174199,-29.076231843835476
16003.10313738701,-0.0024164692625414826,-29.706341534116028,-31.281664150087103
16114.142772530207,-0.0011138801046741763,-29.172030837641483,-31.660450570270854
16225.952870780886,-0.0018487635538316186,-28.780019825408147,-33.893767541269028
16338.53877809862,-0.0017606104169754786,-28.315891003252336,-35.565992526559683
16451.905877536639,-0.001544210040663621,-27.721104214686981,-34.872424495179779
16566.059589499146,-0.00012776230247604786,-27.250199906390883,-37.180446706104824
16681.0053720006,-0.006497879371774342,-26.791220813501063,-37.186622499108914
16796.748720926549,-0.016097754675092425,-26.477498647479788,-38.083783784172965
16913.295170296486,-0.0040838819761854963,-25.911667242932459,-38.838231464059163
17030.650292528462,-0.0012374642301771137,-25.496411707405919,-39.37945584712871
17148.819698705403,-0.00079459648273465353,-24.956002391052593,-41.511348947676808
17267.80903884357,-0.00098068488947350733,-24.469206645441034,-41.508135193392661
17387.62400216252,-0.001093063210328061,-24.005596039007962,-42.83528250176424
17508.270317357252,-0.00039387688570288135,-23.566743296381183,-43.867157612120323
17629.753752872075,-0.0020623287118190642,-23.059434761914645,-44.950327916342218
17752.080117176352,-0.0099157181960124775,-22.610801773396311,-45.017059288307109
17875.255259042362,-0.00030177089931893251,-22.192945359310826,-46.778717416516827
17999.285067824785,2.7518251262485234e-05,-21.546647964232534,-47.536787290418104
18124.175473742376,-0.00125096897364525,-21.197667664592444,-48.646023173657603
18249.932448161544,-0.0095737507614295225,-20.812497097324957,-49.011394477066119
18376.562003881714,-0.0084929796702001605,-20.168223955414636,-50.334577001211208
18504.070195423028,-0.0007398543076508233,-19.824072921269181,-51.917054638303384
18632.463119315616,-0.00030135722328300459,-19.299024484806321,-52.15017030325356
18761.746914391213,-0.00054386146127955392,-18.907899821403788,-53.795453281852062
18891.927762076681,-2.5303372651156777e-05,-18.355403319060692,-54.253355640775183
19023.011886689448,0.00089300492609065639,-17.911210670677431,-55.759691928572067
19155.005555735286,0.00080567816442259858,-17.467599160598649,-56.835147116063666
19287.915080207797,-0.0030781390806616711,-17.024925379920795,-58.550962637659588
19421.746814890263,-0.015664631822258867,-16.493179828942491,-59.157635134574235
19556.507158659511,-0.00051264612650510463,-16.0484012147413,-61.242762007313786
19692.202554791726,0.00068348586177957452,-15.652450973437142,-62.144767453112337
19828.839491270723,0.0016112389362210081,-15.160154219176057,-63.383697349279387
19966.424501097954,-0.0013045893881790086,-14.689782438874875,-64.661740856101886
20104.964162604992,-0.010764788835585628,-14.218019686195671,-66.181528959006329
20244.465099768058,-0.0047968893882727849,-13.767303038546586,-67.386150230979979
20384.933982524632,0.00040801229713962424,-13.278642269992734,-68.974159029601509
20526.377527092533,0.0011352248547144988,-12.871002501168864,-70.81764802378936
20668.802496290842,0.00081734313400316414,-12.409928172825378,-72.566121684586292
20812.215699863391,0.0016036764023790544,-11.921124870610246,-73.76574250384877
20956.623994804351,0.0017687349427138548,-11.458319008070532,-75.606715785791394
21102.034285685957,0.0019965433481258896,-10.947042126522362,-77.33423122578003
21248.453524988839,-0.0037896874422453791,-10.518932467372103,-79.020064583737408
21395.888713434237,-0.010054012336463952,-10.142492255838949,-80.96788325033441
21544.346900318847,-0.00014870078204330892,-9.5787178800150521,-82.934943470209134
21693.835183851865,0.0023984182031573024,-9.1449969412962382,-85.01859422669213
21844.360711494275,0.0021491618580102081,-8.6901261060623209,-87.077378467144186
21995.93068030076,0.0030061962369926703,-8.261318478327432,-89.248637651240358
22148.552337263616,0.0023861063937016488,-7.8152258263013108,-91.469376440552423
22302.232979659388,-0.0067265177568520823,-7.3728784649795243,-93.876275270028444
22456.979955397765,-0.0058191278146991088,-6.9575495885118475,-96.212008251359549
22612.800663372782,0.0017073870834712472,-6.5070016256825456,-98.634942837689366
22769.702553816813,0.0030148193255480605,-6.0904047905413989,-101.34987942331348
22927.693128656512,0.0030331622650191514,-5.7277102825666066,-104.15564540547902
23086.779941871697,0.00236369265844692,-5.3535966921722631,-106.8990597421096
23246.970599856504,0.0034064531504612496,-4.9442833303548275,-109.72608522110538
23408.272761782933,0.0038030902395055442,-4.5841672621985676,-112.68670423889391
23570.694139967291,0.00017844194499026084,-4.2692975128659008,-115.61785709525819
23734.242500238688,-0.013251498875263248,-3.9417793428360772,-118.76305966318515
23898.925662310503,0.0011512876724667097,-3.6351365477974626,-121.82070984279341
24064.751500154267,0.0043689971813276954,-3.3369449786202581,-124.98328544151906
24231.727942375994,0.0046276808410142681,-3.0952531016636153,-128.2202087813119
24399.862972595514,0.0030105129939619613,-2.834984457421013,-131.39230331184035
24569.164629827927,0.0042277690116806401,-2.6197379577472937,-134.60461255090377
24739.64100886814,0.0048465920966824809,-2.4247964454788757,-137.78742927652399
24911.300260677912,0.0040643066034125336,-2.243703672835565,-141.08603687171851
25084.150592775397,-0.0036093824668029244,-2.0871378699463348,-144.11815441980377
25258.200269627861,-0.0045464023048602765,-1.9463967242419924,-147.30956703208545
25433.45761304651,0.0033744119014782453,-1.8295657912086729,-150.35775948160489
25609.931002584595,0.0057933924696995697,-1.7108111141358042,-153.40710873530142
25787.628875938037,0.0051362661974098198,-1.6119075564297582,-156.40526309585857
25966.559729348712,0.0043287603611969127,-1.5620068021052689,-159.19712731360784
26146.732118010932,0.004679911991984421,-1.484911824930619,-161.99568460265237
26328.154656480227,0.0060212367200263321,-1.4425892904249333,-164.64076247566118
26510.836019085389,0.0024983696127128885,-1.3891596917652711,-167.33082990724336
26694.784940343237,-0.0099316098632565037,-1.3583099052456591,-169.98371785508306
26880.01021537606,0.0021159264827801498,-1.3276100944688285,-172.42669815541225
27066.520700332429,0.0051653823784062781,-1.3149265763930786,-174.84752770547345
27254.325312810306,0.0064931037848088733,-1.2948136787801743,-177.17550490441948
27443.433032283654,0.0058280853592401326,-1.3008357732954188,-179.3537764316564
27633.852900531725,0.0061587018888987167,-1.2983730008476921,178.37994872622971
27825.594022071244,0.0074739256820011563,-1.2992811953056471,176.34023328810156
28018.665564591967,0.0053090402530798575,-1.2941429278177221,174.28528850287722
28213.076759394735,0.0075540558999066757,-1.3000889405410971,172.36964449111824
28408.836901833041,0.0079000498626901842,-1.3151948381775014,170.49317604455234
28605.95535175745,0.0021208733398077177,-1.3258140395315317,168.51005942511924
28804.441533962992,-0.0055491182151408015,-1.3303725748276629,166.79645752902746
29004.304938639933,0.0037892930480293782,-1.3273960555250319,165.00368874215982
29205.555121827481,0.0082592902128949992,-1.3401900909132116,163.42935998985018
29408.201705870637,0.0077103609057760075,-1.3469033841021614,161.82517376039485
29612.254379880374,0.0076669460462207,-1.3661351021114894,160.22108595071464
29817.72290019675,0.0079759915312577721,-1.3397403592949122,158.58378139308161
30024.617090855507,0.0086312792781550046,-1.3670649312263521,157.12426571825981
30232.946844057795,0.0077245436439992874,-1.3768459122839816,155.67965838259903
30442.722120643029,-0.00071253720942767015,-1.3896577016703087,154.25393913071477
30653.952950565297,0.00053555397184045829,-1.3824810067842996,152.80969502846176
30866.649433372761,0.0086197907987295135,-1.3755298330190004,151.5086587447735
31080.821738690654,0.010664458505689355,-1.3688145918280825,150.06498882254124
31296.480106707535,0.0093392945941971443,-1.3559450671850977,148.73016000898528
31513.634848664791,0.0085875568431758587,-1.3650665254901662,147.51143841551738
31732.296347349795,0.010794154453270127,-1.3632189020924144,146.26307632726252
31952.475057592135,0.0084052934594969902,-1.3473197942616364,144.99612081606733
32174.181506763733,0.00067760182890363172,-1.3485018219142724,143.719756178002
32397.426295281974,0.0035856581235518097,-1.3335928466458919,142.66389937703772
32622.220097116697,0.010999931568539166,-1.3252043557262527,141.43648155658735
32848.57366030047,0.012398800359303234,-1.3180726402331533,140.25773297612648
33076.497807442422,0.011483828268866507,-1.3059722676772174,139.14824358159828
33306.003436245905,0.0074521650773909714,-1.2886584617545151,138.00651597695699
33537.101520029304,-0.0022483513881169097,-1.2793372365731144,136.97937001883102
33769.803108250919,0.0068956301438981979,-1.2579432100600443,135.74685125167966
34004.1193270371,0.010675377846786745,-1.2422752444485954,134.69488048336294
34240.061379714258,0.013883384504728924,-1.2298492813890574,133.58278352211647
34477.640547344658,0.011361084265187393,-1.2075739161077319,132.44111981774589
34716.868189265617,0.012711302727915668,-1.1813091761011596,131.48315591225148
34957.755743632755,0.012972646870668035,-1.1734246735042049,130.49980236294428
35200.314727966819,0.012737033603394197,-1.1471684046541573,129.33794914827371
35444.556739704356,0.0062787606289109749,-1.1256711170404408,128.37130334152693
35690.493456752316,0.0027775858891739111,-1.1146074007025892,127.34906228846978
35938.136638046279,0.011966466574344303,-1.0768272754463843,126.38095641299768
36187.498124112804,0.014114538324184054,-1.0671357905381595,125.37317171009283
36438.589837635482,0.013907791902705195,-1.0379747893019589,124.4051975538034
36691.423784024941,0.01383081841302114,-1.0197468063462376,123.38563806029691
36946.012051993042,0.013629707555028708,-0.99387108178258377,122.4145104506933
37202.366814130677,0.013305209269404376,-0.97003166128154028,121.37318163651472
37460.500327489928,0.0078869298958568496,-0.94899123152114784,120.4263402038823
37720.424934170012,0.0036767983940472933,-0.91581422160402204,119.48864219709864
37982.153061907367,0.013307157938975613,-0.88964195203835406,118.47077161151938
38245.697224670017,0.013620179071211717,-0.86559465000615954,117.50677189529338
38511.070023255714,0.015171762041402817,-0.84406248165522069,116.61633437177409
38778.28414589457,0.015221494928010334,-0.81604225176146028,115.73855959876963
39047.352368855638,0.016172270837012202,-0.79984707494402829,114.78713557916444
39318.287557057702,0.016178182724035525,-0.77012634799854074,113.77584462328798
39591.102664684608,0.014856503723632624,-0.74749727610759586,112.91931992023582
39865.810735804407,0.015360854444692398,-0.71554237645336038,112.03738266266924
40142.42490499324,0.0087837883836011342,-0.70194765134288561,111.099115141475
40420.958397963099,0.0076771895119400616,-0.67432359538710251,110.18212928969268
40701.424532194389,0.016679374604773905,-0.64553763794458441,109.30239801193252
40983.836717572638,0.017255297403416824,-0.61782566556561258,108.28659374292857
41268.208457029541,0.018972529951364496,-0.59588889732596528,107.38949079073402
41554.553347188768,0.018585778793688834,-0.57299260039199407,106.4937520324038
41842.885079015847,0.017939940171140971,-0.55324253281476399,105.62003882783692
42133.217438472893,0.017588111070307767,-0.52395409825688255,104.7373185376581
42425.564307177796,0.014432077731517477,-0.49553102556544221,103.88687428393625
42719.939663067787,0.0028436820636484218,-0.47396006791539957,102.94286115292729
43016.357581067969,0.015267335186352302,-0.45550873412108817,102.13149716729056
43314.832233764027,0.019464982979711616,-0.43773776675574499,101.18912374063002
43615.377892080061,0.018415931395929487,-0.41253080058531072,100.40959094921206
43918.008925960879,0.022032303267987746,-0.39860174883603439,99.494543365057012
44222.739805058998,0.02043534843888074,-0.37255515971768793,98.641486314118197
44529.585099426571,0.023713812772420559,-0.35323870635023913,97.763342181695066
44838.559480211909,0.019359638593370733,-0.33144647479199491,96.932093432133783
45149.677720361018,0.0083829255210264506,-0.31357428326477355,96.034999813243232
45462.954695324021,0.019035767392176335,-0.29127492753985829,95.235898087551448
45778.405383766185,0.021377935668871945,-0.27410355648640039,94.407800804563266
46096.044868284363,0.02368760538785496,-0.25064046373503829,93.512908408486055
46415.88833612782,0.022651355340709917,-0.23391149370619568,92.739827221022566
46737.951079924635,0.02346099410007077,-0.22016021974281694,91.925759588002848
47062.248498412839,0.021779378716864681,-0.20362539211279643,91.107823830258326
47388.796097176535,0.019571641458506213,-0.18990996562471574,90.247081328512195
47717.609489387483,0.013389121285523921,-0.17359148917417666,89.462999806129361
48048.704396551337,0.021711391310487018,-0.15634249463092409,88.620884061551351
48382.096649259569,0.025837494034400249,-0.14036094709301999,87.859841506798304
48717.802187946334,0.023735633003868498,-0.12441969528400383,87.050151901483858
49055.837063650477,0.024716121442687668,-0.11031113669385909,86.180271923571411
49396.217438783235,0.025654101447062459,-0.093711752295983233,85.417266598382625
49738.959587900681,0.023813202542912783,-0.087328666761255835,84.673602434637829
50084.079898482123,0.017376728281623205,-0.071624995396414606,83.848436772659312
50431.594871713613,0.013311387317453396,-0.066157479373390823,83.084585178465701
50781.521123276732,0.023245834644312263,-0.04900245641119598,82.298341762066883
51133.875384143292,0.027678535878900987,-0.036931889599270754,81.514673183174637
51488.674501374975,0.025856279626907206,-0.031939870830824488,80.770098758343465
51845.935438929133,0.025319284468638716,-0.017691892567947023,79.975281532074519
52205.675278469782,0.027286352895568907,-0.015738822317406226,79.248463530905738
52567.911220184222,0.027964656410251216,-0.0016789885856104132,78.448961500767368
52932.660583605641,0.023992997980997278,0.0056362310106753341,77.754742576038609
53299.94080844093,0.016033093470237257,0.0093996077492758227,76.953125813654225
53669.769455404763,0.022482286927444202,0.023601807288621459,76.242412989241302
54042.164207059177,0.026689492647829906,0.031936138721127764,75.505469854617502
54417.142868658906,0.028297805423551398,0.029709094605148565,74.770270748463815
54794.723369002902,0.027162911690899013,0.040683578030989188,74.068102909470781
55174.923761291291,0.029365796523458762,0.042846624667357357,73.345064217957798
55557.762223988779,0.028213411604048558,0.048909168589776217,72.627714758203922
55943.257061693803,0.029134680124972386,0.051348269294489379,71.932615020380013
56331.426706013553,0.019369476845148972,0.055747808793926011,71.219619986002243
56722.289716445463,0.023628270674489235,0.064189681668847795,70.510857337608627
57115.864781264347,0.029112006808519195,0.061992328216250135,69.798552202537849
57512.170718416135,0.030683165112523496,0.066986743941972404,69.141287298516744
57911.226476417607,0.031503259024574695,0.069686460114674928,68.458989956880842
58313.051135262212,0.031104291001835246,0.071023008193729767,67.776942462237372
58717.663907332586,0.032858062274132231,0.071796747236713088,67.118531208291813
59125.084138318809,0.029571991022418524,0.074268158197571932,66.439139413482962
59535.331308143701,0.017373273603288057,0.077091299648124792,65.75507511456216
59948.425031894119,0.030442471679200316,0.075174896866011379,65.114320867157687
60364.385060758672,0.034011515885165315,0.079917118458995906,64.478504961630165
60783.231282972331,0.03317408166345414,0.07795436720152453,63.795257647809784
61204.983724767029,0.033011891090000127,0.076821131721435856,63.158842075514592
61629.66255132942,0.035353810216742401,0.075892135333502767,62.540435588587755
62057.288067765039,0.032932348318643154,0.073520199631023603,61.894424167702397
62487.88072006897,0.023162029616914256,0.073957556839070918,61.2650070756603
62921.46109610347,0.032075863072044394,0.073591650045097462,60.619437163565976
63358.049926582549,0.035860587019117263,0.073720546552743557,60.023217075639494
63797.668086062826,0.03529447806473919,0.068220022534023331,59.419672929177722
64240.336593941945,0.035668906432778626,0.063718792153434678,58.82110930061495
64686.076615463302,0.036985960644369278,0.062386049428272791,58.188493017157995
65134.909462728057,0.035553685399757139,0.059593182210011815,57.610565478600165
65586.856595714358,0.038256651643301547,0.057186528450133362,56.974732206445267
66041.939623303057,0.037419121125467157,0.050237562698157372,56.411181071512857
66500.180304311216,0.035375951419185828,0.049726523044362002,55.829289258631455
66961.600548532253,0.027658663095576172,0.049460803595423632,55.250570827222845
67426.222417783458,0.030831711377966548,0.043687413421906324,54.686053293369312
67894.068126961123,0.03897980441906513,0.041474050400989865,54.088576522380492
68365.160045102384,0.040332753641562885,0.03367730059270635,53.516667307689573
68839.520696454987,0.041714585712057065,0.031768037483864621,52.964022111894522
69317.172761554102,0.040053261775816827,0.025278828784743784,52.412345505002918
69798.139078306631,0.041257967374808906,0.024594405692084424,51.826400806432616
70282.44264308353,0.040807099881745842,0.020615347998609777,51.311044227497405
70770.106611818905,0.037157915719488933,0.010936489237809717,50.785600229526658
71261.15430111748,0.029113750432172091,0.0045734020818731192,50.216903509909912
71755.609189369323,0.039277497518453941,0.0024445971166326989,49.709071418600551
72253.494917872187,0.042334582028944467,-0.0074818391382082449,49.155190257091334
72754.835291962314,0.042182955739579052,-0.01131125692047196,48.674199716361954
73259.654282152289,0.042322028783185695,-0.014201412141576105,48.123085077958748
73767.976025277356,0.044378279528435829,-0.022768062948884907,47.59218858286674
74279.824825649222,0.043977639162976159,-0.027665135659339122,47.077074471357271
74795.22515621825,0.040421216359969724,-0.033482203590027439,46.575004627934575
75314.201659743761,0.029197657323043677,-0.039391661889724087,46.094585730541908
75836.779149971902,0.042308709979224722,-0.042586083151160151,45.55491053853585
76362.982612822452,0.044775257515513381,-0.049690207832641567,45.092351936964846
76892.837207583172,0.045029795029638151,-0.055954008205952768,44.577540709276683
77426.368268112739,0.046200205787814801,-0.066735543843419259,44.092567863030759
77963.601304052369,0.0468799464659546,-0.074786008050614375,43.625088297249789
78504.562002045088,0.046184367919705704,-0.076767357929099694,43.125710836858197
79049.276226964241,0.038819484493599156,-0.080973681081749099,42.647356847439312
79597.770023149904,0.038504492523597028,-0.089271493187585857,42.171712822199865
80150.069615654094,0.046749143256725259,-0.096630726720054239,41.695524392996148
80706.201411495073,0.04776738684450231,-0.10398944594237387,41.257663131353191
81266.192000919458,0.047915702294596407,-0.11308959233187206,40.777774597805092
81830.068158673937,0.048212944453212919,-0.11716723166000588,40.271358702104493
82397.856845285234,0.049250367028455158,-0.12698057253891823,39.845890742121377
82969.585208349119,0.044997389744495485,-0.12996951375060931,39.433467989042157
83545.280583828717,0.038296478453717024,-0.13747360504050804,38.986239836648693
84124.970497361181,0.047697883399424976,-0.14596698905206326,38.529358981758541
84708.682665574059,0.049896037781468033,-0.14766638649557035,38.097851743045283
85296.44499741029,0.049873688831243601,-0.15416872681700811,37.666617689589529
85888.285595462541,0.050063750635228652,-0.16507836078098578,37.235840401540997
86484.232757317252,0.051001849754729739,-0.17149867118812154,36.792032893893833
87084.314976907248,0.04602888392379452,-0.17608186257377823,36.372146832819766
87688.560945874313,0.042760863843639481,-0.18566451936982026,35.971049241105462
88296.999554940965,0.052099626527147308,-0.19178345843058092,35.526340890390465
88909.659895291625,0.053371194979108728,-0.19819724756428767,35.10450019790153
89526.57125996401,0.052125681772409255,-0.20608259908055376,34.698732199091438
90147.763145249177,0.055250938569394642,-0.2119476202825098,34.283437737773284
90773.265252102283,0.05296070493913653,-0.21703869684813282,33.857263330428822
91403.10748756236,0.043034656387198958,-0.22709395424279039,33.47031359710499
92037.319966182258,0.051311511763426021,-0.23288264399749287,33.023610297170791
92675.933011468835,0.053986532521582337,-0.24096350817907985,32.683553983071924
93318.977157332396,0.054694778408982653,-0.24554848275070562,32.246986706357319
93966.483149546999,0.054561086120071559,-0.25337673602333705,31.846036283477247
94618.481947220076,0.055517723572078861,-0.26031638683291625,31.467326698946707
95275.004724272949,0.050225418450813852,-0.26784768564163891,31.077319048388773
95936.082870931466,0.047734933131400384,-0.27096134444953479,30.662967391850898
96601.747995226455,0.055677292231121646,-0.27914272766546111,30.319380195178255
97272.031924505471,0.056259065091105342,-0.2852076246157117,29.931451298281843
97946.966706954001,0.056830437517610716,-0.29244199112488178,29.479225760959018
98626.58461312826,0.055043028831157595,-0.29458418090980915,29.161851363843169
99310.918137498011,0.057617349545210417,-0.30525512912848146,28.779859862844731
100000,0.054808569312439416,-0.31319677961531089,28.438925943851871
100693.86314760281,0.039677194488161691,-0.31380594360325509,28.060620737022418
101392.54075588155,0.053820882158140015,-0.32498937883367707,27.689421968545744
102096.0662306047,0.056858775189014284,-0.33405433787099581,27.326742773884874
102804.47320933094,0.059191788708248462,-0.33683888105231408,26.965354842863565
103517.79556301763,0.05872365141703613,-0.34544727772356953,26.612423092891035
104236.06739764023,0.058657788721745707,-0.35286947867116897,26.237566854477123
104959.3230558228,0.058651311080652441,-0.354383292640715,25.856039152939985
105687.59711848045,0.057742878137674175,-0.36006511291257565,25.492447331838434
106420.92440647243,0.050961472942183797,-0.36891694528949498,25.183179326830441
107159.33998226711,0.05256181925596972,-0.37445906165074061,24.811369696836675
107902.87915161847,0.062541772211490654,-0.38398320322731799,24.48757140786482
108651.57746525387,0.061091357213735306,-0.38805012189904958,24.156340853293301
109405.4707205743,0.06034913983104398,-0.39081797021556597,23.797126328877198
110164.59496336567,0.061500126506778149,-0.40088255636880227,23.432403719001513
110928.98648952227,0.060553515694653656,-0.40569346536892043,23.108425417898275
111698.68184678238,0.062596004295677923,-0.41116227956595841,22.755167332684909
112473.71783647522,0.054327281402052702,-0.41271652424205191,22.432153685295695
113254.13151528122,0.051941223642345304,-0.4221587587954535,22.108144310171035
114039.96019700328,0.062756671720184454,-0.42316143814735474,21.746927529903679
114831.24145435111,0.062435615067143076,-0.43366497841741547,21.436693975842502
115628.01312073765,0.060173789584943162,-0.43923748218429232,21.092686041526179
116430.31329208771,0.061470344153040951,-0.43958571435163851,20.796142865232156
117238.18032865992,0.06233138142898198,-0.45288286320028398,20.462018087097363
118051.65285688052,0.060222688070111573,-0.45063935330819654,20.120434294214856
118870.76977119033,0.051069085593443156,-0.46460496954618008,19.794337331173807
119695.57023590441,0.059285213132060949,-0.46180240636661829,19.475164820765016
120526.0936870843,0.063928829522024402,-0.46919006634989985,19.176889523930434
121362.37983442412,0.062424600401183458,-0.4773701388333878,18.858890204986572
122204.46866314884,0.061903057969354636,-0.48409647950257029,18.526780974933985
123052.40043592616,0.06505812733612637,-0.488916704480022,18.251997976733804
123906.2156947917,0.063784694447277177,-0.49142944962367396,17.94258256938588
124765.955263087,0.053619195031775077,-0.49507897605247869,17.612459935886292
125631.66024741207,0.057966119684935091,-0.50167032962842917,17.255724328978872
126503.37203959037,0.064617895833458477,-0.50788663680772095,17.00322542585937
127381.13231864784,0.064852867020026919,-0.50704503095392295,16.668479788013286
128264.98305280611,0.062732298927455715,-0.51832732166189432,16.36316051190461
129154.96650148844,0.064539491718414901,-0.51877238384512403,16.063758301573188
130051.12521734092,0.060134245665782453,-0.52388873866873986,15.755845642501214
130953.50204826672,0.053524993823902349,-0.52619119756445976,15.478636091631941
131862.14013947482,0.060697500414688861,-0.53688160196264223,15.189744269445754
132777.08293554306,0.064725437462056612,-0.54306966311433547,14.884987924659555
133698.37418249471,0.064811033323085646,-0.54161414167798261,14.59211457143067
134626.05792989105,0.065631532516634575,-0.54918344002366615,14.291156297145776
135560.17853293687,0.065767173559306086,-0.55218195925523039,13.997675252796647
136500.7806546014,0.061927454228918571,-0.55629120369510932,13.689656461011907
137447.9092677538,0.052139012848909094,-0.56556986546643828,13.359815542956177
138401.60965731318,0.063437912901744775,-0.56151355891636878,13.093330748387956
139361.92742241427,0.064647721980643835,-0.57199118529372495,12.841537942777052
140328.90847858728,0.064576101645417605,-0.57392753366008731,12.536156203590963
141302.59905995338,0.064180001201361733,-0.57971048005574743,12.237850457519485
142283.04572143537,0.06333351278014962,-0.57854343796930785,11.927832849333598
143270.29534098311,0.053820322478966835,-0.58345293273370979,11.694596638123464
144264.39512181579,0.062588327485527562,-0.58780570736174109,11.37972054147825
145265.39259467807,0.066571498150190075,-0.59024656292052657,11.09335886911046
146273.3356201131,0.065067148469518513,-0.59658651896029613,10.794157956248775
147288.27239075032,0.06616593368959213,-0.5996596200372315,10.501453741890543
148310.25143361048,0.064987887475686332,-0.60260177080888444,10.263726037774347
149339.32161242524,0.053953270012915423,-0.60317789000451683,9.9804286436058813
150375.53212997381,0.063204235948578921,-0.61134587581114186,9.6828066884252024
151418.93253043533,0.065761175922884302,-0.61260206725653277,9.4361358583891217
152469.57270175745,0.063374520238324267,-0.61675237426702212,9.1317537467323859
153527.50287804232,0.065604931814918915,-0.62222524643687405,8.8595971562969424
154592.77364194777,0.063325553337497217,-0.62157282591366625,8.619286276365834
155665.43592710615,0.047861990443138672,-0.62252599267884778,8.3492069413927368
156745.54102055961,0.064049423415050405,-0.62757699450740945,8.105503793763944
157833.1405652118,0.065652454870575055,-0.63651723875080912,7.7545829699288547
158928.28656229784,0.064424881350896399,-0.63622571017290508,7.4558623032418581
160031.03137387009,0.065207735619752905,-0.64379840574456537,7.2449552588315242
161141.42772530194,0.05822399706091879,-0.64216457673738458,6.9331117701290736
162259.52870780881,0.057879269594733135,-0.64033892046323104,6.6977889528817443
163385.3877809862,0.063273314659315183,-0.64411899588495203,6.3888634655683632
164519.05877536628,0.063107404726914174,-0.65512274728019737,6.1197508716082201
165660.59589499145,0.062551595728219098,-0.6540331331674587,5.8796720933270734
166810.05372000588,0.060825480319912764,-0.6566583792405658,5.6247423900723454
167967.48720926544,0.050152120198887311,-0.6586719410785663,5.3529804788821878
169132.95170296487,0.064319070158508532,-0.66180429474141844,5.1307544419335898
170306.5029252845,0.061913582733394826,-0.66857697327120658,4.7950683530899241
171488.19698705399,0.061744064137915861,-0.66889210683542633,4.5597060456961813
172678.09038843555,0.064083588464780211,-0.67470279971043512,4.2833838040488219
173876.24002162518,0.046417739398702834,-0.67585510346686539,4.0140863856334192
175082.70317357252,0.059859985678058433,-0.67809410756179767,3.7804093542853252
176297.53752872063,0.061111746035319402,-0.6784798785013928,3.4887741781796322
177520.80117176351,0.062351424263415299,-0.683899528522252,3.2445747558811746
178752.5525904235,0.060538638135865255,-0.68576291653713495,2.9821754248045238
179992.85067824778,0.047254185108493801,-0.68403150368329668,2.6990489387361567
181241.75473742376,0.059802676980436856,-0.69024019906924305,2.4732804571759175
182499.3244816153,0.060882825888246714,-0.69386936953274114,2.1730103333649993
183765.62003881714,0.058928946267753489,-0.69465075042612567,1.9218520382885913
185040.70195423017,0.057026686480992947,-0.69870565646711624,1.6856805519022799
186324.63119315612,0.048660957526551918,-0.70354268000131626,1.3884112034099445
187617.46914391214,0.058835377043568018,-0.69697954103322868,1.11365519880367
188919.27762076669,0.058294350569102697,-0.69969533629816039,0.87109964309058796
190230.11886689448,0.057747127929076769,-0.70537621057713207,0.62595398026925864
191550.05555735275,0.055963338068590156,-0.70518932582942495,0.34846194235140615
192879.15080207793,0.054436307186117382,-0.70391043685842059,0.072884347827965712
194217.46814890264,0.058203583101001322,-0.70614743669271451,-0.17770380681462683
195565.07158659495,0.057089327467200746,-0.71308603472482712,-0.41639505292341283
196922.02554791723,0.05752251994204402,-0.7190962153659497,-0.68939953844260771
198288.3949127071,0.057192694088584448,-0.70894088088366081,-0.97708260351331866
199664.24501097947,0.055347816564032287,-0.71864157408737372,-1.1818451631413041
201049.64162604991,0.045741275205781341,-0.71836520645430801,-1.416762180308055
202444.65099768044,0.048486127277071439,-0.72105909764893195,-1.7027336842374154
203849.33982524631,0.054645698671001712,-0.72618418479944868,-1.9381608049732719
205263.77527092517,0.055124619169413219,-0.72692308712920783,-2.2316631315366919
206688.02496290836,0.051520275208724035,-0.72701284878415717,-2.4888131238867146
208122.15699863393,0.053218652251641602,-0.72305427230202957,-2.7344668853657623
209566.23994804337,0.05593414828161291,-0.72686416917846375,-3.018357811381648
211020.34285685956,0.055902976277849695,-0.73215287522348493,-3.2896280853338169
212484.53524988823,0.046631514348766348,-0.72930753877049082,-3.4954287339989687
213958.88713434234,0.043602764055835574,-0.73021162012471763,-3.7509525556569514
215443.46900318845,0.047545905824556312,-0.72658821504513815,-3.993988714097128
216938.35183851849,0.051001555367090258,-0.73098096046244088,-4.2423194541652549
218443.60711494274,0.052213488754051823,-0.73915842692230183,-4.5303648610819209
219959.30680300744,0.051914278374193226,-0.74396451345187031,-4.8006745162568194
221485.52337263612,0.052886025931853556,-0.73701878649700148,-5.0043945936617433
223022.32979659387,0.053066086267252191,-0.74796866722504951,-5.3361202958807539
224569.79955397747,0.044527824404734448,-0.74353645154328163,-5.6139244656902036
226128.00663372784,0.036547330346010383,-0.74078847260373781,-5.8022930646389739
227697.02553816812,0.046261990716674271,-0.73815891765478892,-6.0062796072150064
229276.93128656503,0.050294566814498218,-0.74154474533890857,-6.3181943647952963
230867.79941871695,0.046971191686855526,-0.7436952371155825,-6.6381766419219801
232469.70599856484,0.045245233130078021,-0.74536823540801533,-6.7880493180351493
234082.72761782931,0.047428584931775701,-0.74364333489439804,-7.1082782167156511
235706.94139967291,0.045016018826897146,-0.75338002595511655,-7.4003892598000434
237342.42500238682,0.036100836162795295,-0.74656674125865874,-7.6179702447628408
238989.25662310503,0.036356189936630631,-0.75093112207391255,-7.8609109791464107
240647.51500154246,0.046284494202989197,-0.74394643038484043,-8.0607723310843404
242317.27942375993,0.042457217088224732,-0.74998171007434677,-8.3891166661722565
243998.62972595516,0.042054739190985839,-0.74856194699581402,-8.6389710590729347
245691.6462982792,0.043159152710339148,-0.75353710302053067,-8.9300974962743567
247396.41008868141,0.043186309889347088,-0.75474449934466414,-9.1875350824138025
249113.0026067789,0.03572360583280202,-0.74689993411427114,-9.4320292592068284
250841.50592775401,0.031889317200799398,-0.75552233903456389,-9.7241964034115824
252582.00269627862,0.038258285915501636,-0.75461513142845926,-9.9290208447216628
254334.57613046499,0.041696804464945073,-0.75227855650455711,-10.186618190819729
256099.31002584597,0.039294130020912636,-0.75514213209345049,-10.419847405788232
257876.28875938017,0.040656833709451563,-0.7535183661545396,-10.726401375116637
259665.59729348708,0.035301088161067772,-0.75753636720178075,-10.958170102087806
261467.32118010934,0.03009075131389434,-0.75574109055551275,-11.206180025268921
263281.54656480218,0.028626179579648827,-0.74399115293659623,-11.469568971720722
265108.36019085388,0.035490633612096825,-0.75429676719400207,-11.761239830706515
266947.84940343216,0.034200188867164569,-0.75450419743468022,-11.908569680708894
268800.10215376061,0.033337891531516256,-0.75646565793978005,-12.318676209087471
270665.20700332423,0.033727915868815211,-0.75518025453366322,-12.467424556491952
272543.25312810304,0.032377941831320728,-0.75980398007794447,-12.825027368194586
274434.33032283653,0.019416044517291731,-0.75299036703343825,-13.008740603463764
276338.52900531708,0.029866168777021154,-0.75515374456447604,-13.341220575017715
278255.94022071245,0.031884115968802473,-0.75011022010599337,-13.574289257497181
280186.65564591967,0.030878541234552678,-0.75954346447741439,-13.867272501225116
282130.7675939473,0.029712357449924714,-0.75913909647297451,-14.11071469812137
284088.36901833041,0.029131122822352626,-0.75501488981667664,-14.347731706264398
286059.55351757427,0.019414667213752016,-0.75547314835177015,-14.632300073431708
288044.41533962963,0.023017573098442181,-0.75690464112690781,-14.798761031065075
290043.04938639927,0.027057800129570021,-0.745678327446056,-15.201214723173692
292055.55121827475,0.022961696475232433,-0.7539226821563052,-15.428651634088183
294082.01705870632,0.021571289505746809,-0.74865546350227297,-15.685757671156992
296122.54379880353,0.02470362165539524,-0.74927182375666712,-16.032325294945366
298177.22900196718,0.016960607065828189,-0.75270342898148601,-16.230524844643696
300246.1709085551,0.018396261451115677,-0.74888894348880308,-16.547266636236841
302329.46844057785,0.020196983277737106,-0.74438149784057628,-16.835131801214786
304427.22120643029,0.020448370605763766,-0.74765944016761232,-17.058303303323832
306539.52950565278,0.020127514420243599,-0.74972112618254039,-17.367910018368796
308666.49433372729,0.019976426399656157,-0.74394710863376168,-17.584120274357662
310808.21738690656,0.0074892990514541765,-0.74525194504775993,-17.872775199100133
312964.80106707528,0.014989281960185848,-0.73765965827824898,-18.128966883581313
315136.34848664794,0.017597027771087848,-0.73562888307686181,-18.421298627303528
317322.96347349766,0.015071001582149496,-0.73342290561363088,-18.659780584212729
319524.75057592115,0.014845295915247698,-0.7380733834817278,-18.962698779003027
321741.81506763725,0.013096533177073381,-0.73120969369754696,-19.182220861032789
323974.2629528197,0.0013136176744562517,-0.73865827496498904,-19.544124330104012
326222.20097116695,0.011156405346729174,-0.73784901091437161,-19.840633847609418
328485.73660300439,0.01173778833794486,-0.73961461197554523,-20.109628169923255
330764.97807442409,0.01324997199574621,-0.73981856638653731,-20.304389610159333
333060.03436245903,0.010754142776658525,-0.73181733492957879,-20.62262166480437
335371.0152002931,-0.0036411760758280477,-0.73686926247193874,-20.884149822907503
337698.03108250914,0.0079051328909697793,-0.73286529647673226,-21.176634779665036
340041.19327037066,0.0072584609152928151,-0.72684452326349214,-21.443079548222705
342400.61379714258,0.0068807852547111692,-0.72962869249656959,-21.727898157370696
344776.40547344659,0.0069971847075935827,-0.72574955097946914,-22.056526559970635
347168.68189265614,-0.0027434896214336129,-0.72852196838021377,-22.332297054463538
349577.55743632745,0.0027958430005148418,-0.72377756467843279,-22.579351821389707
352003.1472796679,0.0027175295273618319,-0.71902324557695463,-22.868200206853274
354445.56739704357,0.0041821661826201015,-0.72165485266455343,-23.084621175933933
356904.93456752307,0.0011332193776797854,-0.72344542194241923,-23.426018289075955
359381.36638046283,-0.0069239340351324305,-0.72107924091662179,-23.761074117706848
361874.981241128,-0.0010787590634130238,-0.70689561193077133,-24.020162096237499
364385.89837635448,-0.001392046262435141,-0.71415267068053523,-24.346289207576106
366914.23784024944,-0.0022326102945736622,-0.70941903617060931,-24.535186371171683
369460.12051993038,-0.0033806336370706918,-0.707680605874212,-24.888960801236337
372023.66814130684,-0.015925625474547567,-0.70738182212874845,-25.202922243067491
374605.00327489927,-0.004718904094543494,-0.70232127756589136,-25.500847720920611
377204.24934169976,-0.0042707965999880595,-0.70921147054974709,-25.814340793770789
379821.53061907366,-0.0057167211778691215,-0.70398385778446926,-26.054557507845502
382456.97224670008,-0.010097237400461603,-0.69554700990088525,-26.31340696852844
385110.70023255714,-0.017546875876867644,-0.69797913941108392,-26.608829191102856
387782.84145894571,-0.0082464730839884089,-0.69682415942415066,-26.905003777073262
390473.52368855604,-0.008601282518060905,-0.68984525354752058,-27.20386605695704
393182.87557057705,-0.011139984941158337,-0.69586563113331179,-27.515249352230917
395911.02664684603,-0.016802480265900161,-0.68752190282007175,-27.783127160056218
398658.10735804413,-0.013865923101596107,-0.6877827037094052,-28.097590815243294
401424.24904993211,-0.013058446365665532,-0.68209734462373495,-28.3724186349151
404209.58397963061,-0.013133768011090945,-0.67553289173779718,-28.686114399653988
407014.24532194389,-0.015213393974989775,-0.68158582211871543,-29.04754794246827
409838.36717572628,-0.023511403977511093,-0.67725525827188204,-29.345573068669239
412682.08457029541,-0.015811030121222407,-0.67645090263381491,-29.668570756269219
415545.53347188752,-0.01747350710819218,-0.66956327902675072,-29.887099276917127
418428.85079015809,-0.019217285380177234,-0.66412804121841917,-30.18212024959945
421332.17438472895,-0.032546916539762945,-0.66679011886712369,-30.522745881740022
424255.64307177789,-0.020177956626448661,-0.65957993390249281,-30.785692657148729
427199.39663067792,-0.022245868166448513,-0.66106376801504507,-31.13289108768933
430163.57581067941,-0.019639656734140407,-0.66014306036664416,-31.431972666320718
433148.32233763987,-0.037155153130223058,-0.65273822446674734,-31.664115999349661
436153.77892080066,-0.024109033151545885,-0.65096483931876847,-32.097025721646268
439180.08925960877,-0.023538614482040116,-0.64717600730395719,-32.35197388607277
442227.39805058995,-0.024136234722658547,-0.63847948203049287,-32.688817262840303
445295.85099426552,-0.039947715883389842,-0.64275253270329846,-33.01625204485245
448385.59480211872,-0.02693128819842986,-0.63729548730054919,-33.301232948299408
451496.77720361028,-0.029256942156285316,-0.63420052305946994,-33.601764693471146
454629.54695324018,-0.026640563407441614,-0.63316691317929408,-33.910687908500066
457784.05383766192,-0.045875273408264416,-0.62641474342472792,-34.20340696044299
460960.4486828433,-0.028995288069081915,-0.62459480624635366,-34.541665396242749
464158.88336127781,-0.032460158400245666,-0.62019500443139686,-34.904840726770004
467379.51079924637,-0.033847724328221994,-0.61306757234036324,-35.180586314681932
470622.48498412833,-0.044063522209843345,-0.60729165860313206,-35.469784136568492
473887.96097176539,-0.034160444499747387,-0.6054145353464504,-35.835364547366211
477176.09489387454,-0.034634840721769956,-0.6052517342657161,-36.158777803164853
480487.04396551294,-0.036992751142042743,-0.60520421949573788,-36.532810615250931
483820.96649259573,-0.039392058787294459,-0.59602868802727715,-36.811380519005866
487178.02187946328,-0.036517333962028629,-0.59074764228348553,-37.203643080058214
490558.37063650484,-0.037887761496326701,-0.58862079468918815,-37.487426228661462
493962.174387832,-0.050139257636507492,-0.58571161904260616,-37.772493294188088
497389.59587900632,-0.039477787929998023,-0.58839434640792865,-38.064190041386155
500840.79898482125,-0.040540936097140656,-0.5719961938627629,-38.447641430984731
504315.94871713605,-0.043242010008565354,-0.57092516850428443,-38.771593051491578
507815.21123276738,-0.046818113333140794,-0.56374000437907401,-39.165140211755798
511338.75384143257,-0.041482373712401738,-0.561623759930725,-39.460197884302474
514886.74501374929,-0.043610740836684529,-0.5595456218878806,-39.814993245056137
518459.35438929137,-0.055865325762616949,-0.55022549416252486,-40.199324351864689
522056.75278469775,-0.045319417053177852,-0.54766336077053479,-40.538816843750624
525679.11220184225,-0.047322656862177771,-0.54310941463046125,-40.803790438662844
529326.60583605606,-0.048487124137418333,-0.53624623353462031,-41.174899626252767
532999.40808440931,-0.048236740416457202,-0.52619807042322975,-41.484415693457535
536697.69455404766,-0.05000122598425371,-0.52696186943163414,-41.835740520591102
540421.64207059168,-0.048410228518035947,-0.52256518735566715,-42.133427815267268
544171.42868658912,-0.056993169545118551,-0.52005133195417874,-42.505768616844435
547947.23369002866,-0.049461590706224932,-0.50772820267855445,-42.937142621340719
551749.23761291278,-0.05229465555473236,-0.50181779003043403,-43.181171188131593
555577.62223988783,-0.067023238046360289,-0.49246948402327628,-43.549364063888973
559432.57061693794,-0.054323384749527387,-0.49085598837494665,-43.942137510157721
563314.26706013549,-0.052980268546445469,-0.48900973590790775,-44.274720803883767
567222.89716445433,-0.066624592746654693,-0.48404757704482537,-44.611282833022202
571158.64781264332,-0.055135441560837932,-0.47588968438122936,-44.925419754986677
575121.70718416141,-0.057953967933975267,-0.47998597104945645,-45.186719777283258
579112.26476417598,-0.06598791862347507,-0.4695974483621313,-45.646024422903984
583130.51135262218,-0.058469025245241689,-0.45820126645003856,-46.024445889655155
587176.63907332544,-0.060184069060329096,-0.45977295410580532,-46.302680147746322
591250.84138318792,-0.068444597598395801,-0.44803011426575179,-46.665876022183596
595353.31308143702,-0.061635883024889912,-0.44626485126493998,-47.062145872326369
599484.25031894108,-0.061730430722801599,-0.43962331486012579,-47.496900825229062
603643.85060758679,-0.072725209651291395,-0.43231732741672296,-47.80901015131613
607832.31282972288,-0.061369627170481666,-0.43035876453674521,-48.166073317393426
612049.83724767016,-0.064366245979353642,-0.42358867364530878,-48.506935479092164
616296.62551329425,-0.079917423130653462,-0.41296311178515366,-48.898437695289545
620572.88067765022,-0.0650188381036476,-0.40877883442711183,-49.226623391612321
624878.8072006891,-0.067924505999251983,-0.3989902795118182,-49.639884208047306
629214.61096103431,-0.076292078290332993,-0.40200448766863855,-49.899811250991789
633580.49926582526,-0.067620725059237191,-0.38948660602387158,-50.367482541958054
637976.68086062826,-0.067450725864215064,-0.3837680361396712,-50.67880297590019
642403.36593941925,-0.07211654418111979,-0.37770882083362423,-51.064680686470666
646860.76615463255,-0.070742857771381062,-0.36092150350484903,-51.5708413916702
651349.09462728014,-0.073935955959695071,-0.34134981507584677,-51.884695048073766
655868.56595714344,-0.072047643148991758,-0.34335051543952888,-52.180503457615146
660419.39623303059,-0.072011956451595083,-0.35022814643296074,-52.663374823850702
665001.80304311204,-0.085928458183156503,-0.34513496446513026,-53.082025930406949
669616.00548532198,-0.074530129483810062,-0.3437184997859789,-53.295523786710007
674262.22417783411,-0.073509947927168737,-0.32821667251515302,-53.777113436628042
678940.68126961112,-0.079479983859439302,-0.3305776200826589,-54.147324330661974
683651.6004510239,-0.07744466318849004,-0.30943991236336121,-54.651985228270959
688395.20696454984,-0.082437450513780403,-0.30649793815284959,-55.0249949299699
693171.7276155405,-0.078524688558837902,-0.30069066720882376,-55.369421944493496
697981.39078306581,-0.07883113977831202,-0.29094914815029965,-55.778177248660548
702824.42643083504,-0.087864962903265481,-0.2808188682181374,-56.257165372257042
707701.0661181889,-0.07981373054890871,-0.28325629266579594,-56.545520327690816
712611.54301117477,-0.083653636353892391,-0.27124654494546752,-56.914412283357116
717556.0918936925,-0.08248568085926776,-0.26398783194475395,-57.352530079860202
722534.94917872129,-0.081799237309816572,-0.26565830902546322,-57.688299104700889
727548.35291962314,-0.089128313406661136,-0.24988415086793853,-58.182180804856998
732596.54282152303,-0.083246517783263474,-0.24958971268248137,-58.564968759835153
737679.7602527733,-0.092939555575208749,-0.2426051854513496,-58.975584521928319
742798.2482564915,-0.086495204663253486,-0.22723016728699846,-59.43800853471285
747952.25156218198,-0.086752321973316227,-0.22600073672446805,-59.80849946409603
753142.01659743744,-0.088814511006808997,-0.22415515822461943,-60.203196965377998
758367.79149971914,-0.088749827125592901,-0.21018801903789661,-60.617186493606781
763629.82612822438,-0.098053042918861494,-0.21015992713287707,-61.009146136430033
768928.37207583094,-0.089877122930174191,-0.20218368893530481,-61.369004093854926
774263.68268112675,-0.097171475137401819,-0.19839285390560099,-61.807904487596339
779636.01304052351,-0.09186644789382406,-0.19599413568641447,-62.200105094939943
785045.62002045102,-0.093538313400544845,-0.16646796599627073,-62.571880527031226
790492.76226964232,-0.09320615373299769,-0.11433054168693764,-63.205063739516447
795977.70023149811,-0.093622601732203298,-0.15696770672493204,-63.717533963710899
801500.6961565403,-0.097433391217161824,-0.17740269176316106,-63.797678998711163
807062.01411495055,-0.096064163452936863,-0.1723983525807454,-64.263836541691475
812661.92000919452,-0.10157601085868498,-0.16755905540495414,-64.663389605272911
818300.68158673914,-0.096244894277702095,-0.16891468294357209,-64.918799497637565
823978.56845285161,-0.11407535041758321,-0.14483156032650049,-65.429464248489168
829695.85208349116,-0.098754476232898597,-0.14999543688080119,-66.002598702321848
835452.80583828699,-0.10820274854900894,-0.14085515425429768,-66.423610948815067
841249.70497361186,-0.10188094695027597,-0.13034223099162159,-66.706447846037435
847086.8266557405,-0.10505302064931686,-0.12826808350879004,-67.239644799047028
852964.4499741022,-0.10072672395974455,-0.13075723309345758,-67.534043485483423
858882.85595462541,-0.10474360065211194,-0.11081455166777802,-68.033101895442655
864842.32757317252,-0.10413994694466822,-0.11778448655988372,-68.338463806032479
870843.14976907242,-0.10560250575300176,-0.10823228629328868,-68.892766108202323
876885.6094587429,-0.10377392000216591,-0.097210538933060087,-69.227408909807963
882969.99554940884,-0.10725934529164463,-0.07823429112590459,-69.411259896443966
889096.59895291622,-0.10641699997653795,-0.085150848335193027,-70.107609835277856
895265.71259963978,-0.11106499739455408,-0.095710514879113251,-70.313974857488319
901477.63145249186,-0.10821196221261779,-0.061843920141043597,-70.866189140471988
907732.6525210226,-0.11200655159475878,-0.042271021280901766,-71.202034691933406
914031.07487562275,-0.10877511447492563,-0.026531979572214974,-71.703545202353325
920373.19966182264,-0.11567743601699021,-0.021191012039304787,-71.990719856579005
926759.33011468814,-0.1109157091864222,-0.014786507572637567,-72.350000985433738
933189.77157332387,-0.12112678169806451,0.032096699591540642,-73.038966584071005
939664.83149546932,-0.1133618618624915,0.050506571189144069,-73.313291747288986
946184.81947219966,-0.12806412431403991,0.096873802391875485,-74.173126649704358
952750.04724272946,-0.11685829559838179,0.11359585132164951,-74.360581961580124
959360.82870931446,-0.12146323047540775,0.13199397462207929,-74.884699140781365
966017.47995226458,-0.1166359537884421,0.14027051230785112,-75.141616348603378
972720.31924505392,-0.11922020560147362,0.16726723887167058,-75.603973174624016
979469.66706953908,-0.11787177625823772,0.18762920263462765,-76.061949773908566
986265.84613128251,-0.118218144090355,0.2037603842237645,-76.637689383222664
993109.18137497979,-0.12337562318063436,0.35858686159831543,-77.514274540928284
1000000,-0.12127102372599918,0.47704797863085724,-78.137476243810937
